Sexe,Dim1,Dim2
0,0.28579086999481024,4.3687121383097606e-17
1,-0.3088469644524897,4.368712138309758e-17
