dimension,inertie
0,0.08826564266613326
1,1.908564574741503e-33
